,peak1,peak2,peak3,peak4,peak5
gene1,-0.8255450087275973,0.1486447604693264,1.708567836804288,0.7799539049898838,-0.4605131537604742
gene2,2.9039379344339094,-0.7054723843960651,-3.0416341962678146,-0.5162601609114816,-0.04651598265735932
gene3,2.9057981171453164,-0.3468119151199849,-3.8899195522436942,-0.6358973574386729,0.4092933590961379
gene4,-6.233400005088755,2.3914692485754268,6.883759522669077,0.6059994253402332,0.30300399599298833
