Gene,R2,Intercept,Num_Coefs
gene1,1.0,-0.3076845776625728,5
gene2,1.0,1.7049914306089367,5
gene3,1.0,1.6978103343329,5
gene4,1.0,-2.5406087109360316,5
